{
  "block.lava.ambient": {
    "replace": "true",
    "sounds": [
      "liquid/lava"
    ],
    "subtitle": "subtitles.block.lava.ambient"
  },
  "block.ladder.step": {
    "replace": "true",
    "sounds": [
      "step/ladder1",
      "step/ladder2",
      "step/ladder3",
      "step/ladder4",
      "step/ladder5"
    ],
    "subtitle": "subtitles.block.generic.footsteps"
  },
  "block.vine.step": {
    "replace": "true",
    "sounds": [
      "block/vine/climb1",
      "block/vine/climb2",
      "block/vine/climb3",
      "block/vine/climb4",
      "block/vine/climb5"
    ],
    "subtitle": "subtitles.block.generic.footsteps"
  },
  "block.weeping_vines.step": {
    "replace": "true",
    "sounds": [
      "block/roots/step1",
      "block/roots/step2",
      "block/roots/step3",
      "block/roots/step4",
      "block/roots/step5"
    ],
    "subtitle": "subtitles.block.generic.footsteps"
  },
  "entity.enderman.ambient": {
    "replace": "true",
    "sounds": [
      "mob/endermen/idle1",
      "mob/endermen/idle2",
      "mob/endermen/idle3",
      "mob/endermen/idle4",
      "mob/endermen/idle5"
    ],
    "subtitle": "subtitles.entity.enderman.ambient"
  },
  "entity.enderman.death": {
    "replace": "true",
    "sounds": [
      "mob/endermen/death"
    ],
    "subtitle": "subtitles.entity.enderman.death"
  },
  "entity.enderman.hurt": {
    "replace": "true",
    "sounds": [
      "mob/endermen/hit1",
      "mob/endermen/hit2",
      "mob/endermen/hit3",
      "mob/endermen/hit4"
    ],
    "subtitle": "subtitles.entity.enderman.hurt"
  },
  "entity.enderman.scream": {
    "replace": "true",
    "sounds": [
      "mob/endermen/scream1",
      "mob/endermen/scream2",
      "mob/endermen/scream3",
      "mob/endermen/scream4"
    ],
    "subtitle": "subtitles.entity.enderman.scream"
  },
  "entity.enderman.stare": {
    "replace": "true",
    "sounds": [
      "mob/endermen/stare"
    ],
    "subtitle": "subtitles.entity.enderman.stare"
  },
  "entity.enderman.teleport": {
    "replace": "true",
    "sounds": [
      "mob/endermen/portal",
      "mob/endermen/portal2"
    ],
    "subtitle": "subtitles.entity.enderman.teleport"
  },
  "entity.squid.death": {
    "replace": "true",
    "sounds": [
      "entity/squid/death1",
      "entity/squid/death2",
      "entity/squid/death3"
    ],
    "subtitle": "subtitles.entity.squid.death"
  },
  "entity.squid.hurt": {
    "replace": "true",
    "sounds": [
      "entity/squid/hurt1",
      "entity/squid/hurt2",
      "entity/squid/hurt3",
      "entity/squid/hurt4"
    ],
    "subtitle": "subtitles.entity.squid.hurt"
  },
  "entity.player.death": {
    "replace": "true",
    "sounds": [
      "damage/oof1",
      "damage/oof2",
      "damage/oof3"
    ],
    "subtitle": "subtitles.entity.player.death"
  },
  "entity.player.hurt": {
    "replace": "true",
    "sounds": [
      "damage/oof1",
      "damage/oof2",
      "damage/oof3"
    ],
    "subtitle": "subtitles.entity.player.hurt"
  },
  "entity.player.hurt_drown": {
    "replace": "true",
    "sounds": [ "damage/oof1", "damage/oof2", "damage/oof3" ],
    "subtitle": "subtitles.entity.player.hurt"
  },
  "entity.player.hurt_on_fire": {
    "replace": "true",
    "sounds": [ "damage/oof1", "damage/oof2", "damage/oof3" ],
    "subtitle": "subtitles.entity.player.hurt"
  },
  "entity.player.hurt_sweet_berry_bush": {
    "replace": "true",
    "sounds": [ "damage/oof1", "damage/oof2", "damage/oof3" ],
    "subtitle": "subtitles.entity.player.hurt"
  },
  "item.bone_meal.use": {
    "replace": "true",
    "sounds": [
      "item/bonemeal/bonemeal1",
      {
        "name": "item/bonemeal/bonemeal1",
        "pitch": 0.9
      },
      {
        "name": "item/bonemeal/bonemeal1",
        "pitch": 1.1
      },
      "item/bonemeal/bonemeal2",
      {
        "name": "item/bonemeal/bonemeal2",
        "pitch": 0.9
      },
      {
        "name": "item/bonemeal/bonemeal2",
        "pitch": 1.1
      },
      "item/bonemeal/bonemeal3",
      {
        "name": "item/bonemeal/bonemeal3",
        "pitch": 0.9
      },
      {
        "name": "item/bonemeal/bonemeal3",
        "pitch": 1.1
      },
      "item/bonemeal/bonemeal4",
      {
        "name": "item/bonemeal/bonemeal4",
        "pitch": 0.9
      },
      {
        "name": "item/bonemeal/bonemeal4",
        "pitch": 1.1
      },
      "item/bonemeal/bonemeal5",
      {
        "name": "item/bonemeal/bonemeal5",
        "pitch": 0.9
      },
      {
        "name": "item/bonemeal/bonemeal5",
        "pitch": 1.1
      }
    ],
    "subtitle": "subtitles.item.bone_meal.use"
  },
  "item.crop.plant": {
    "replace": "true",
    "sounds": [
      {
        "name": "item/plant/crop1",
        "volume": 0.45
      },
      {
        "name": "item/plant/crop1",
        "pitch": 1.2,
        "volume": 0.45
      },
      {
        "name": "item/plant/crop2",
        "volume": 0.45
      },
      {
        "name": "item/plant/crop2",
        "pitch": 1.2,
        "volume": 0.45
      },
      {
        "name": "item/plant/crop3",
        "volume": 0.45
      },
      {
        "name": "item/plant/crop3",
        "pitch": 1.2,
        "volume": 0.45
      },
      {
        "name": "item/plant/crop4",
        "volume": 0.45
      },
      {
        "name": "item/plant/crop4",
        "pitch": 1.2,
        "volume": 0.45
      },
      {
        "name": "item/plant/crop5",
        "volume": 0.45
      },
      {
        "name": "item/plant/crop5",
        "pitch": 1.2,
        "volume": 0.45
      },
      {
        "name": "item/plant/crop6",
        "volume": 0.45
      },
      {
        "name": "item/plant/crop6",
        "pitch": 1.2,
        "volume": 0.45
      }
    ],
    "subtitle": "subtitles.block.generic.place"
  },
  "item.nether_wart.plant": {
    "replace": "true",
    "sounds": [
      {
        "name": "item/plant/netherwart1",
        "volume": 0.9
      },
      {
        "name": "item/plant/netherwart1",
        "pitch": 1.12,
        "volume": 0.9
      },
      {
        "name": "item/plant/netherwart2",
        "volume": 0.9
      },
      {
        "name": "item/plant/netherwart2",
        "pitch": 1.12,
        "volume": 0.9
      },
      {
        "name": "item/plant/netherwart3",
        "volume": 0.9
      },
      {
        "name": "item/plant/netherwart3",
        "pitch": 1.12,
        "volume": 0.9
      },
      {
        "name": "item/plant/netherwart4",
        "volume": 0.9
      },
      {
        "name": "item/plant/netherwart4",
        "pitch": 1.12,
        "volume": 0.9
      },
      {
        "name": "item/plant/netherwart5",
        "volume": 0.9
      },
      {
        "name": "item/plant/netherwart5",
        "pitch": 1.12,
        "volume": 0.9
      },
      {
        "name": "item/plant/netherwart6",
        "volume": 0.9
      },
      {
        "name": "item/plant/netherwart6",
        "pitch": 1.12,
        "volume": 0.9
      }
    ],
    "subtitle": "subtitles.block.generic.place"
  }
}
